feature,importance_abs_coef
iqr_to_range,1.0852926480843939
gini,0.9948402684378406
skewness,0.7827833457312016
kurtosis_excess,0.3911220618671827
median_norm_range,0.38125194306194793
entropy_hist,0.27862619409721306
sali_maccs,0.2260679323423393
asymmetry_ratio,0.19945384520300144
sali_ecfp,0.13048102056664213
sali_rdkit,0.11733919324234834
sali_chemberta,0.11488885318087914
theil,0.01242632136305157
tail_ratio,0.0059611229844911615
